{
    "영상 번호": {
        "A": {
            "1": [
                [0.0, 962.3529411764706],
                [0.32679738562091504, 997.3202614379085],
                [358.16993464052285, 1016.6013071895425],
                [619.281045751634, 1031.6339869281046],
                [879.7385620915032, 1046.9934640522877],
                [1056.5359477124182, 1057.124183006536],
                [1317.5550122249388, 1069.682151589242],
                [1495.5501222493886, 1075.5501222493888],
                [1747.8728606356967, 1078.7286063569682],
                [2099.2176039119804, 1073.5941320293398],
                [2450.317848410758, 1066.2591687041565],
                [2715.354523227384, 1060.635696821516],
                [3062.2982885085576, 1053.7897310513447],
                [3334.1809290953547, 1047.9217603911982],
                [3513.8875305623474, 1044.0097799511002],
                [3695.0611246943768, 1035.4523227383863],
                [3839.0, 1022.8927680798007],
                [3839.0, 991.7206982543643],
                [3684.303178484108, 1003.9119804400979],
                [3516.0880195599025, 1012.2249388753056],
                [3350.80684596577, 1016.3814180929096],
                [3199.4621026894865, 1019.559902200489],
                [2963.031784841076, 1024.205378973105],
                [2734.914425427873, 1029.0953545232273],
                [2420.4889975550122, 1035.6968215158925],
                [2120.244498777506, 1041.5647921760392],
                [1801.1735941320292, 1046.6992665036676],
                [1535.8924205378971, 1045.476772616137],
                [1215.3545232273837, 1034.4743276283618],
                [984.3031784841074, 1020.5378973105135],
                [636.3814180929094, 1000.7334963325184],
                [319.2665036674815, 981.6625916870416],
                [0.0, 962.3529411764706]
            ],
            "2": [
                [0.47619047619047616, 996.6666666666666],
                [0.23809523809523808, 1028.5714285714284],
                [472.85714285714283, 1055.7142857142858],
                [753.0952380952381, 1072.142857142857],
                [1190.4761904761904, 1096.4285714285713],
                [1452.3809523809523, 1107.857142857143],
                [1723.5714285714284, 1111.4285714285713],
                [1987.3809523809523, 1109.047619047619],
                [2250.0, 1103.5714285714284],
                [2606.6666666666665, 1095.4761904761904],
                [2780.9523809523807, 1092.142857142857],
                [3024.285714285714, 1087.6190476190475],
                [3350.4761904761904, 1080.2380952380952],
                [3608.809523809524, 1074.047619047619],
                [3694.285714285714, 1068.3333333333333],
                [3839.0, 1054.064837905237],
                [3839.0, 1023.0952380952381],
                [3695.714285714286, 1035.7142857142858],
                [3513.095238095238, 1044.2857142857142],
                [3334.285714285714, 1048.095238095238],
                [3062.8571428571427, 1054.047619047619],
                [2715.0, 1060.952380952381],
                [2450.4761904761904, 1066.4285714285713],
                [2098.809523809524, 1073.5714285714284],
                [1863.8095238095236, 1077.857142857143],
                [1747.142857142857, 1079.047619047619],
                [1495.7142857142856, 1075.7142857142858],
                [1317.142857142857, 1069.7619047619048],
                [1056.904761904762, 1057.142857142857],
                [879.5238095238095, 1046.904761904762],
                [619.2857142857142, 1031.6666666666665],
                [358.8095238095238, 1016.9047619047618],
                [0.47619047619047616, 996.6666666666666]
            ],
            "3": [
                [0.1955990220047121, 1028.606356968215],
                [0.44009779951082456, 1059.4132029339853],
                [491.6381418092908, 1088.5085574572126],
                [866.4547677261612, 1108.312958435208],
                [1121.4669926650365, 1121.2713936430318],
                [1421.2224938875304, 1134.718826405868],
                [1652.5183374083128, 1139.364303178484],
                [1949.3398533007332, 1136.919315403423],
                [2236.625916870416, 1131.5403422982886],
                [2556.919315403423, 1124.9388753056235],
                [2832.469437652812, 1119.559902200489],
                [2853.98533007335, 1118.8264058679706],
                [3008.0195599022004, 1088.0195599022006],
                [2780.1466992665037, 1092.4205378973106],
                [2606.552567237164, 1096.0880195599022],
                [2249.5843520782396, 1103.4229828850855],
                [1987.481662591687, 1109.2909535452322],
                [1722.9339853300733, 1111.7359413202935],
                [1452.0293398533006, 1108.312958435208],
                [1190.171149144254, 1096.5770171149145],
                [753.2518337408311, 1072.3716381418094],
                [472.3227383863079, 1055.9902200488998],
                [0.1955990220047121, 1028.606356968215]
            ]

        }
    }
}
